Date,dist_200dma,tsmom_12m,valuation_proxy,yc_10y3m,mfg_emp_yoy
1995-09-30,0.18953566504759922,0.4855402006419345,1.1792295946052205,0.77,0.7771415215612976
1995-10-31,0.17085267363692713,0.4496551192176743,1.1972957423749597,0.55,0.41997200186654204
1995-11-30,0.11982607530732703,0.466627044022597,1.148008312868141,0.28,0.1280111718841015
1995-12-31,0.05758622749434261,0.42535928000646783,1.0571976609281104,0.48,0.07550238122895347
1996-01-31,0.06191045809067908,0.46009431063572226,1.0843983360794862,0.55,-0.31282586027111536
1996-02-29,0.0875347641919253,0.4400694036759394,1.162991005622994,1.11,-0.20850225877446782
1996-03-31,0.04302225429724138,0.36350220454783244,1.0894911162734275,1.21,-0.40549151364189795
1996-04-30,0.1243956748588162,0.4199037054589654,1.2520559322681462,1.52,-0.4282903113786318
1996-05-31,0.14394268776866848,0.4185412947968623,1.3044012899217905,1.67,-0.20859891065013736
1996-06-30,0.10242338391872141,0.258851645656468,1.2224539996425174,1.55,-0.12176030614019506
1996-07-31,0.024180768306417244,0.1180038045046794,1.05930169512393,1.48,0.02323150191660961
1996-08-31,0.055099406988445176,0.150493237952126,1.1192668653806828,1.67,0.09280742459396585
1996-09-30,0.15059994944732358,0.2606310005131467,1.3185740807594235,1.58,0.02319243926480752
1996-10-31,0.13461827409837768,0.2558701917921491,1.3268729853297834,1.2,0.30204460966543056
1996-11-30,0.22114852818872577,0.4047194821119653,1.5358060088354706,0.93,0.40097629009763214
1996-12-31,0.1638835112189707,0.42540307375781605,1.4550472190039194,1.22,0.3075851662700968
1997-01-31,0.2535465175089713,0.557145713879377,1.7036789572523174,1.38,0.5172013017201271
1997-02-28,0.12479126759580494,0.3654769337329107,1.4550349752464733,1.34,0.49332559489263517
1997-03-31,0.03455181435533583,0.30732010426100853,1.26755434231046,1.57,0.8549991275519142
1997-04-30,0.11039106942406618,0.31198538517704244,1.4484982837875622,1.44,0.8544524529179309
1997-05-31,0.17253935222066374,0.3848408487993513,1.6365714934472178,1.71,0.8245267680873303
1997-06-30,0.12904913703198329,0.41340617901441323,1.5867831104314996,1.26,0.934633693254372
1997-07-31,0.2560023303239891,0.7405858591829786,1.9312677481170497,0.77,0.9638834049471523
1997-08-31,0.1705746382528024,0.6185934219045357,1.7907080674558236,1.1,1.1416318961520622
1997-09-30,0.15818754174699579,0.4875334182310389,1.7967589546662333,1.06,1.2405077966494593
1997-10-31,0.04510348491118599,0.35589570121724545,1.5519642714648785,0.63,1.4246004169562232
1997-11-30,0.06295385168707224,0.2595892105189974,1.5801246503534792,0.64,1.614863691613122
1997-12-31,-0.013429254617641329,0.2063285706154092,1.392675885917709,0.39,1.7530664198102341
1998-01-31,0.04534500275516895,0.1623135142653247,1.5399707384302088,0.34,1.8615944961553943
1998-02-28,0.13604920597763281,0.4040989276756455,1.7756135236402484,0.3,1.8019058619693995
1998-03-31,0.13375488733244278,0.5314531376792044,1.780861380076587,0.51,1.7128027681660996
1998-04-30,0.13267195124680597,0.42684684483530955,1.7866953835002328,0.68,1.6483199815572558
1998-05-31,0.06858261495599005,0.24322884355355812,1.6120420821147916,0.53,1.4973508408200775
1998-06-30,0.18330694722077534,0.39699152081210864,1.870173160926591,0.34,1.2653131650083305
1998-07-31,0.18594205935711372,0.24410356839225522,1.8939414304381894,0.4,0.20128824476650653
1998-08-31,-0.04377170387620155,0.061719579142997194,1.3561260290114614,0.09,0.6302641379705598
1998-09-30,0.10283355216705181,0.22632974092491764,1.7252600817200876,0.07,0.5267678213570104
1998-10-31,0.11771383219241582,0.3735705716228963,1.7792424370102236,0.31,-0.011419435879866935
1998-11-30,0.20299411406316414,0.48305103849994735,2.0222622784712887,0.17,-0.5126452494873535
1998-12-31,0.3549706885897961,0.8530020064976942,2.4686444330070416,0.17,-0.784670495252171
1999-01-31,0.4883980715403968,0.9859306822788296,2.899602199652721,0.18,-1.089732674953181
1999-02-28,0.28344969091675765,0.6122867873886269,2.4379916096007808,0.63,-1.3161627049412816
1999-03-31,0.32136439946650275,0.7256155142276521,2.6568906601157325,0.76,-1.525202698871686
1999-04-30,0.27083105775487537,0.7116862969393714,2.60792339833039,0.81,-1.6669501615921067
1999-05-31,0.19133704971260745,0.7530011201751647,2.4383373573664655,0.98,-1.6511575124829814
1999-06-30,0.24331399410636956,0.7174167214261271,2.673659165186224,1.03,-1.7777020503208951
1999-07-31,0.15950687882008352,0.6488752418122414,2.5354108919789446,1.17,-0.6600470642254441
1999-08-31,0.1636038290029096,1.1018908299537609,2.6290798960667137,1.0,-1.571485509309345
1999-09-30,0.11913212992094802,0.7896215010979688,2.548117906320976,1.02,-1.5663268212109172
1999-10-31,0.18862826366934926,0.8831861770094465,2.774430533683029,0.9,-1.3590680676107803
1999-11-30,0.2848721947121662,0.9042273455810037,3.1111962681363883,0.88,-1.0534753234856309
1999-12-31,0.5074145168274666,1.019504282876062,3.9394892706889095,1.12,-0.9742678663533733
2000-01-31,0.3676509723629866,0.6782939686467415,3.5845218381555046,0.92,-0.8205657887186524
2000-02-29,0.5251975734210566,1.2162697771111066,4.2513386041943555,0.64,-0.6381144006898487
2000-03-31,0.4341139445997455,1.087856507119508,4.189707489191067,0.15,-0.3800092123445453
2000-04-30,0.17802787412521948,0.766147623497355,3.3016663710149636,0.41,-0.25370466470622244
2000-05-31,-0.0010620142041605218,0.5906973038214895,2.6816551752559787,0.66,-0.3173137944960436
2000-06-30,0.0835936460399469,0.6387317872734404,3.0372997873021745,0.15,0.00578235226089685
2000-07-31,0.00026815206375396805,0.5893709653334342,2.7578972821221477,-0.23,0.08088745088976612
2000-08-31,0.09022544820457834,0.7012144540711662,3.107008081696871,-0.58,0.0
2000-09-30,-0.061309836316843835,0.4828731476530195,2.496769699585324,-0.43,-0.3066774678856632
2000-10-31,-0.12949325373638598,0.24450229076232288,2.134863376880444,-0.61,-0.32997568600208194
2000-11-30,-0.3185462348527678,-0.15511119318505384,1.3506578307360733,-0.73,-0.4629093854877864
2000-12-31,-0.3324040777224485,-0.3684446423294453,1.15992623086108,-0.77,-0.5671624515307561
2001-01-31,-0.22171643645546324,-0.2736796502751673,1.349096094754536,0.2,-1.035639898171714
2001-02-28,-0.4049741825683507,-0.5527661573647227,0.7074439358948936,0.07,-1.469567229807911
2001-03-31,-0.47840221386758586,-0.6422675550052539,0.3940453550916896,0.63,-2.1038030285516096
2001-04-30,-0.33838257363774826,-0.5083324786985655,0.6247413286359786,1.4,-2.8729984392161345
2001-05-31,-0.30812432303794435,-0.4585298872632172,0.5590392967788815,1.8,-3.5768028707026223
2001-06-30,-0.23217562605476083,-0.5137375033113906,0.567453515893682,1.77,-4.521538016767856
2001-07-31,-0.2323398304934916,-0.5335420671868814,0.4275357161925759,1.53,-5.432398106454217
2001-08-31,-0.2680927307628884,-0.6395665283922238,0.2358369636394948,1.48,-6.097067160293868
2001-09-30,-0.3836544453945028,-0.6727814127091021,-0.023571275952845583,2.2,-6.46003830750479
2001-10-31,-0.22578288005996872,-0.5842001008457041,0.13211799122067247,2.25,-7.22541673926933
2001-11-30,-0.03668390230430785,-0.3632457395633376,0.3120690059163116,3.0,-8.004883153121733
2001-12-31,-0.02389783881801777,-0.32653624216932253,0.2854752800165876,3.33,-8.550142599383037
2002-01-31,-0.03983834664430275,-0.4021712132875771,0.25324869347144907,3.31,-8.868751826951183
2002-02-28,-0.13793608321123574,-0.2877399969820169,0.09142224355940098,3.09,-8.878449794480325
2002-03-31,-0.05417421989802329,-0.0765548650286032,0.15782008020312244,3.63,-8.826307710473491
2002-04-30,-0.1431407637210359,-0.31160826376162376,0.011254397202642208,3.34,-8.391858112129514
2002-05-31,-0.16239240290175727,-0.3286589980575392,-0.04877537530801235,3.34,-7.935174069627848
2002-06-30,-0.24922042718861548,-0.4255186249292666,-0.17636646980851423,3.16,-7.3638951129413215
2002-07-31,-0.2986430700912973,-0.4285493766627686,-0.2495188281965094,2.8,-6.8677125938587436
2002-08-31,-0.2860421659472333,-0.3587942871390861,-0.2679615922340963,2.45,-6.542228793199034
2002-09-30,-0.332731040286423,-0.28745172932333973,-0.3554673527110983,2.06,-6.186398610076937
2002-10-31,-0.15171463431123722,-0.274945444111497,-0.2371534712193636,2.49,-5.722156138483692
2002-11-30,-0.004696834394349203,-0.3007111672936469,-0.14379570104011274,3.0,-5.263823064770934
2002-12-31,-0.08612563345983759,-0.3758156275074126,-0.24785226405205785,2.61,-5.098014256619143
2003-01-31,-0.05246138988912985,-0.3658437720219233,-0.25177891737183755,2.82,-4.625352835514496
2003-02-28,-0.0007463265682620124,-0.25711804417350037,-0.23466160806555936,2.51,-4.755767495811314
2003-03-31,0.027912006215293328,-0.29883471888228463,-0.23110231111608648,2.69,-4.675257398173926
2003-04-30,0.1125380913951155,-0.13390800417176585,-0.16913549035250341,2.76,-5.093555093555091
2003-05-31,0.17926087773468757,-0.008648187983073763,-0.10480346126974072,2.26,-5.085408788629553
2003-06-30,0.15336078191121527,0.1429317795543117,-0.10661252739013816,2.64,-5.25593253579133
2003-07-31,0.17493469762217795,0.32724246316352823,-0.056072432218692736,3.53,-5.591242789722073
2003-08-31,0.2011232204405009,0.4232050173206474,-0.01445088483765078,3.47,-5.240261024322724
2003-09-30,0.13680686916336504,0.5659682897546687,-0.047379369319522024,3.01,-5.112772008730737
2003-10-31,0.19233485396433347,0.4313620935983029,0.028541751145086947,3.37,-4.814396706288592
2003-11-30,0.15940960038969743,0.2760953598733733,0.027796635994058905,3.41,-4.509071504802565
2003-12-31,0.1511305762628592,0.4912279439912828,0.052540285454664826,3.32,-4.10435249144927
2004-01-31,0.12930082217070837,0.5188240421087635,0.0637219705870895,3.24,-3.8743525929911926
2004-02-29,0.08339942640677878,0.45619666360001876,0.04100954733504869,3.03,-3.3897158322056864
2004-03-31,0.038011631641506005,0.4120610135877014,0.01207301421730711,2.91,-2.94816928197813
2004-04-30,-0.005644350267970832,0.2669836275737669,-0.01990381222121118,3.55,-2.0057502738225597
2004-05-31,0.02817432165183864,0.22400216445033005,0.01900069412465677,3.58,-1.4837202912488023
2004-06-30,0.051840670122824006,0.2620892980710352,0.047029912709322996,3.29,-1.0970813496170573
2004-07-31,-0.032362491578615704,0.09667649138317036,-0.03892085979256399,3.05,-0.49989585503019685
2004-08-31,-0.0499960775427053,0.02048919142522454,-0.06586950884856435,2.54,-0.21563717306621877
2004-09-30,-0.01921505613549912,0.08363890706944166,-0.041353729934826,2.43,-0.09758817788930729
2004-10-31,0.0334545923047489,0.04965437155538277,0.0027589312952791545,2.14,-0.013952839402819883
2004-11-30,0.08951206679276957,0.10338774793751093,0.05303586412955741,2.13,-0.0698519139424425
2004-12-31,0.11084409693480035,0.10436532412223287,0.07895398297120204,2.02,-0.09790894468144629
2005-01-31,0.03469785277385751,0.017782067678599578,0.005193833487875388,1.63,-0.2379119725701484
2005-02-28,0.023446517436308545,0.027639123569064283,-0.006408435071983187,1.6,-0.04902304082918807
2005-03-31,-4.6890789689224555e-05,0.030672752600998665,-0.030642129075589608,1.71,-0.13298803107720802
2005-04-30,-0.040484608070082806,0.013865140944539611,-0.07580121895764791,1.31,-0.4610548375829526
2005-05-31,0.0329789167464114,0.05211362258491481,-0.002249891895798606,1.01,-0.6066099567703209
2005-06-30,-0.010660992230905553,-0.015244220707540057,-0.03896281389894185,0.81,-0.746476908050786
2005-07-31,0.05356522060766067,0.14620926874532292,0.027153861563242954,0.86,-0.7396552927220745
2005-08-31,0.03044142008169648,0.1556462422674818,0.006765381746386412,0.5,-1.0108051585918432
2005-09-30,0.043817194265245885,0.1337259830196853,0.013996075363162497,0.79,-1.1094055260954527
2005-10-31,0.031213946309913476,0.06219065111776545,-0.005380313545075621,0.59,-0.9977672341613175
2005-11-30,0.08228861295637735,0.06430802328587326,0.04750210833257151,0.54,-0.8527890395638171
2005-12-31,0.05247935887914701,0.014853901085185806,0.02465029886775394,0.31,-0.6720336016800887
2006-01-31,0.07780657633110577,0.1257674529346542,0.05932378374998537,0.06,-0.3436908185452725
2006-02-28,0.037786420409329,0.10559087549833279,0.028881028900651362,-0.07,-0.4484304932735439
2006-03-31,0.04715146174672835,0.1491571843490338,0.04340239240963917,0.23,-0.40650406504064707
2006-04-30,0.033627467332319805,0.19701709202557716,0.036127821131978655,0.3,-0.18246894518914036
2006-05-31,-0.04243193653695254,0.023952568700802646,-0.041983622492137274,0.26,-0.38582953349701743
2006-06-30,-0.043622491979131706,0.05470965227713864,-0.0489380836462977,0.14,-0.11949110845574928
2006-07-31,-0.07961882459036751,-0.05962717274758278,-0.09265280395769204,-0.11,-0.2811950790861162
2006-08-31,-0.033027403345523565,-0.0012517974329354642,-0.0547323352163277,-0.31,-0.3239436619718261
2006-09-30,0.01664965286040987,0.032759742756519605,-0.014716486888304181,-0.25,-0.37395046920200015
2006-10-31,0.06448150598451985,0.09711367933705839,0.02698992048268578,-0.47,-0.8527732750722383
2006-11-30,0.09434847864113283,0.07096303704994722,0.05679411782959387,-0.57,-1.0575296108291
2006-12-31,0.0664102583946653,0.06789452744793945,0.0317827282049461,-0.31,-1.268588343082666
2007-01-31,0.08156500508361098,0.047657477303448825,0.04809424761876291,-0.29,-1.4358108108108114
2007-02-28,0.056873087729098604,0.054490402810780436,0.025599263163753827,-0.6,-1.5132319819819773
2007-03-31,0.05123210498996422,0.04032491799630322,0.027004125653202538,-0.39,-1.7311752287121784
2007-04-30,0.08955204839436104,0.09821782837705073,0.07711360740032602,-0.28,-1.996765801870215
2007-05-31,0.096010087221853,0.22069790390496258,0.10681275823432435,0.17,-1.9577464788732346
2007-06-30,0.07667606759673462,0.2278206989244813,0.10504191351357361,0.21,-2.1604503870513714
2007-07-31,0.054245323589707795,0.2799931032536258,0.0995571850585879,-0.18,-2.143108917870995
2007-08-31,0.07135297685280406,0.2589050059546494,0.12692014761965287,0.53,-2.3526918185671875
2007-09-30,0.11344303978730985,0.2641751865023574,0.17939861495256193,0.77,-2.3796033994334276
2007-10-31,0.1654291098353491,0.2923106710308936,0.2556021859357609,0.54,-2.2177992607335772
2007-11-30,0.07049274632226732,0.16628058487438935,0.1658919547524942,0.82,-2.016531281174294
2007-12-31,0.05113151985994713,0.18670948982197366,0.157674033516074,0.68,-1.9273324291526839
2008-01-31,-0.07600097999833877,0.027417598726308112,0.018831850220480062,1.71,-2.0494144530134206
2008-02-29,-0.12018452991000483,-0.009269957016919128,-0.03681420781680034,1.68,-2.165368398484957
2008-03-31,-0.09450080523779947,0.00539961883503981,-0.01911409666868802,2.07,-2.2486393583500464
2008-04-30,-0.020604159357846763,0.026743381700910174,0.05238975401430013,2.34,-2.5109405265800966
2008-05-31,0.03723184589903328,0.05413367357714094,0.11115679069780549,2.17,-2.636115500646463
2008-06-30,-0.06266546525147632,-0.05015770176835643,0.002011360902214543,2.09,-2.9418111199021824
2008-07-31,-0.04221278243871218,-0.04291276237035491,0.006430660270910327,2.31,-3.3282904689863835
2008-08-31,-0.016356323776595683,-0.05842419159330203,0.015787700997275333,2.11,-3.4223283409304694
2008-09-30,-0.14554397725192292,-0.23742417999747112,-0.13594198837884208,2.93,-3.7507254788160194
2008-10-31,-0.25348768603288196,-0.403844589527135,-0.27652819968570874,3.55,-4.4925850537947065
2008-11-30,-0.31492983140130537,-0.43241111264592513,-0.35622250606446704,2.92,-5.272343829539672
2008-12-31,-0.27404642064547413,-0.4188533599972739,-0.3402970776746792,2.14,-6.528859451197322
2009-01-31,-0.2661148180444336,-0.3590544406852064,-0.35462048331510043,2.63,-8.493110738499677
2009-02-28,-0.2736628531910972,-0.359990157549157,-0.3869540848886798,2.76,-9.634769905040175
2009-03-31,-0.14513641126253707,-0.30580327370903004,-0.31837229381338983,2.5,-10.652014652014651
2009-04-30,0.003106920628063836,-0.2729154760615,-0.22905756641246622,3.02,-11.568180145706087
2009-05-31,0.06827070215474973,-0.2937168293223881,-0.20385590511688667,3.33,-12.578384360014748
2009-06-30,0.13528723593362346,-0.19587498299770734,-0.17762612417714552,3.34,-13.198458574181116
2009-07-31,0.23466937466396587,-0.13292055042444872,-0.10464881495893763,3.34,-13.152992026231459
2009-08-31,0.21778437855875254,-0.13209335581421666,-0.0891877414896809,3.25,-13.005693736889423
2009-09-30,0.2366660966472871,0.07798673358131225,-0.03350937950672772,3.17,-12.715760910529884
2009-10-31,0.15283550185598282,0.24899231955171697,-0.05838649677834851,3.36,-12.262140356218598
2009-11-30,0.17739298234339174,0.49055876340791693,0.003930993292145635,3.15,-11.73038538307999
2009-12-31,0.18038877224826044,0.5353526357525316,0.06601092474851633,3.79,-10.722628874007167
2010-01-31,0.06754536529823296,0.47514512947468757,0.006456135621503822,3.55,-8.803377947737411
2010-02-28,0.08919452650995052,0.6281972708898929,0.06388558642456754,3.48,-7.533748282273056
2010-03-31,0.13482351210909926,0.583123782637262,0.15937073166100535,3.68,-6.206953099376844
2010-04-30,0.1210992038158425,0.4348325489209708,0.19485597247939124,3.53,-4.510277107431138
2010-05-31,0.020831554195911872,0.2903516261515866,0.11448429359702761,3.15,-2.8607594936708836
2010-06-30,-0.0539689748848301,0.17728212194851078,0.05707824372208581,2.79,-1.570904123623329
2010-07-31,0.007317805566314783,0.16255863750478228,0.14307551155603315,2.79,-0.9267204393341388
2010-08-31,-0.050813074474640674,0.08752214660005175,0.09680363480041909,2.33,-0.6372717878057155
2010-09-30,0.0639377198264508,0.16233372527671208,0.2500779682443106,2.37,-0.26770293609671425
2010-10-31,0.1182130926131264,0.27431570720317566,0.33723919041667916,2.51,0.18218096642665937
2010-11-30,0.0928680076097177,0.19797107312926143,0.3354840629388447,2.64,0.6348930248738949
2010-12-31,0.12287753599409901,0.19219916979775142,0.39980350349486105,3.18,0.9943305713039585
2011-01-31,0.13720654932769727,0.31065906636938556,0.4425889413887707,3.27,1.389010221018605
2011-02-28,0.15174567866881916,0.2926902593104721,0.4828023122013658,3.27,1.730920535011804
2011-03-31,0.11745502622180348,0.19437382224623856,0.46932018422583655,3.38,1.9232450389019995
2011-04-30,0.12068839562250866,0.2016615127522392,0.5058815733173319,3.28,1.8649237472766922
2011-05-31,0.079705511640622,0.28079941065369063,0.48169630623671833,2.99,1.6158457127964487
2011-06-30,0.03655734532337207,0.3369079250524758,0.4483202347879316,3.15,1.5699540289704217
2011-07-31,0.03601675604000354,0.26760196276488735,0.4666580356615804,2.72,1.5849644898666249
2011-08-31,-0.01947327724758119,0.26794834401528256,0.385525630098305,2.21,1.8200728029121205
2011-09-30,-0.06657627937400479,0.07063917129726249,0.31598596200372175,1.9,1.7577279418131475
2011-10-31,0.02770049627798188,0.11091347519067152,0.4445093542483014,2.16,1.8531347419466604
2011-11-30,0.0010880999087210519,0.08400668128437849,0.3998071307540161,2.07,1.5728977616454864
2011-12-31,-0.004571547496804995,0.027039564173791053,0.38428321527853093,1.87,1.761810173590117
2012-01-31,0.07403392259263786,0.08152821374553154,0.4928840491187041,1.77,1.843873858349121
2012-02-29,0.1322761913746402,0.11574277583153281,0.5766904493920917,1.9,1.7530291312193969
2012-03-31,0.1672866297766391,0.17797426711311504,0.6454004062313885,2.16,1.895531349172308
2012-04-30,0.13397967433621627,0.1329406022801407,0.6149094631667464,1.85,1.7794507656771374
2012-05-31,0.0372495302524567,0.06420548257014569,0.4873570988026228,1.52,1.8038813370949924
2012-06-30,0.057311558862654044,0.12500694336013685,0.5291326049280307,1.58,1.7762596071733583
2012-07-31,0.05156854302311431,0.11838445061877012,0.532261875496723,1.4,1.833063347258923
2012-08-31,0.0838788988467647,0.23704935638565416,0.5933850628786381,1.48,1.634320735444339
2012-09-30,0.07234327933699447,0.3085341256260927,0.5938611373342211,1.55,1.5486725663716783
2012-10-31,-0.0030434379873880424,0.12196189714828609,0.49595614363726104,1.61,1.5218500255058665
2012-11-30,0.00315798292428604,0.16673054190561376,0.5018394582562811,1.54,1.505998468476144
2012-12-31,-0.004639312537690898,0.16818631784464544,0.48073102872548024,1.73,1.3239412713230925
2013-01-31,0.022010713204699828,0.10680122504098688,0.5077925347220333,1.95,1.2013536379018586
2013-02-28,0.022277237690055296,0.04402423703614344,0.49975716046172924,1.78,1.1232159445992762
2013-03-31,0.04207978797542489,0.023017679365519905,0.5310513663802539,1.8,0.8164983164983264
2013-04-30,0.05727839846453309,0.060124542485057386,0.5558494548428339,1.65,0.6808439102294672
2013-05-31,0.07671543605519693,0.1809558002480789,0.5939049722651861,2.12,0.5878401074907558
2013-06-30,0.044494751874698535,0.11235152472155785,0.5435880669703641,2.48,0.5370028528276505
2013-07-31,0.0998452106967831,0.16940579942188516,0.6263564069217034,2.56,0.1507032819825893
2013-08-31,0.07570461112414928,0.10878209297236174,0.6055354436193592,2.75,0.4355108877721836
2013-09-30,0.1047114926956434,0.14968973829447374,0.6670621234028125,2.62,0.6368359309535832
2013-10-31,0.13272414038970082,0.2756163630798054,0.7350107039122087,2.53,0.7704547357842761
2013-11-30,0.14471340618826267,0.3024557564158621,0.7758732313570806,2.69,1.039396479463539
2013-12-31,0.14939488894450337,0.3499040156180715,0.8125819478630099,2.97,1.0134852165172958
2014-01-31,0.09925349279358797,0.28935793643153906,0.7621842338808191,2.65,0.8025413810399673
2014-02-28,0.12944834023514318,0.34964105201072915,0.8323303288004389,2.61,0.9186570903624514
2014-03-31,0.07554252138482576,0.27567773149268526,0.7668303875617977,2.68,0.9935710111046214
2014-04-30,0.05154691769614739,0.24055221657241588,0.7445117166706239,2.64,1.0936717315077615
2014-05-31,0.07943825178670938,0.25322630128542767,0.8032846291902416,2.44,1.1855067623977256
2014-06-30,0.08948979744189245,0.3230271691183937,0.8403858234550587,2.49,1.3687197462860956
2014-07-31,0.07779275476039382,0.25963130869186757,0.8426579159590493,2.55,1.6970406286574091
2014-08-31,0.11032294958866662,0.3281757755915138,0.9121583441477648,2.32,1.584389593062041
2014-09-30,0.08210445793424159,0.25829656721525596,0.87733022058469,2.5,1.590341382181526
2014-10-31,0.09710139559747888,0.23106642182227888,0.908058647439109,2.34,1.6620959029336024
2014-11-30,0.1255414049853929,0.24369662254479185,0.9696271009835407,2.16,1.7089762734362024
2014-12-31,0.08141838962479175,0.1793651963129872,0.9046875110955166,2.13,1.7081260364842477
2015-01-31,0.04299375598028732,0.17788884125812499,0.8469971128304556,1.66,1.716702604080278
2015-02-28,0.09618828384699207,0.20144741877821226,0.9558509381612099,1.98,1.58060244952003
2015-03-31,0.05031353213872869,0.20522895236476058,0.888965130545589,1.91,1.5707671957671865
2015-04-30,0.0546778925779734,0.23233537945934124,0.9033836653163232,2.04,1.5030142868940555
2015-05-31,0.0630995367131193,0.2064402132102967,0.9234191924647712,2.11,1.534653465346536
2015-06-30,0.025453312710015163,0.14216979642263472,0.8566876234893548,2.34,1.3255392721883696
2015-07-31,0.05621332128339862,0.17891076589595367,0.9176941044159386,2.12,1.2988080558980597
2015-08-31,-0.024880117243642585,0.04703421793564311,0.7697399679852968,2.13,1.116401247742571
2015-09-30,-0.04608457259572585,0.032500736892374205,0.7157523727358974,2.06,1.0245061880173711
2015-10-31,0.05444297362901929,0.11798829828133206,0.8878902156185431,2.08,0.8256355759012513
2015-11-30,0.04795820815836871,0.07531939619491412,0.8752701434204,1.99,0.562805872756944
2015-12-31,0.026377976246384938,0.08426974904393214,0.8285693340424245,2.11,0.5462253383335947
2016-01-31,-0.04136190740482959,0.03151547466244353,0.6891342965920757,1.61,0.725642070933552
2016-02-29,-0.05210808362438013,-0.05394451938601963,0.6446352352927205,1.41,0.5050916496945002
2016-03-31,0.014581412143052308,0.034605663273428844,0.7394671716353165,1.57,0.21976233110858612
2016-04-30,-0.018280922381795905,-0.01652606791923883,0.6699809216635335,1.61,0.2766251728907321
2016-05-31,0.027899568941982533,0.003469225690400979,0.7239473543823784,1.5,-0.024378352023401995
2016-06-30,0.0005951857282424644,0.004762695895103919,0.6684206335809584,1.23,0.1137563987974266
2016-07-31,0.06399172177049284,0.03079594487729853,0.768526073535706,1.18,0.1541832346019678
2016-08-31,0.06767125369394411,0.1161446779540205,0.7662260628441433,1.25,0.008118201006657166
2016-09-30,0.08682512101543827,0.16613971743624845,0.7872052227676409,1.31,-0.07301638812267086
2016-10-31,0.061007836491080214,0.03279103319425536,0.7435786508417745,1.5,-0.14593805740230614
2016-11-30,0.04701955175477135,0.03136455926127679,0.7312233131035157,1.89,-0.14599724227430944
2016-12-31,0.044137043927564346,0.05885787173553525,0.734072005484935,1.94,-0.0729749452687889
2017-01-31,0.08497858302982242,0.1957389196849746,0.8064861689593164,1.93,-0.1618908855431478
2017-02-28,0.11125332519193476,0.26878306497034954,0.8623234468515393,1.83,0.10537407797681642
2017-03-31,0.10828102215961355,0.21245361847750988,0.8792829457178222,1.64,0.38983188499959187
2017-04-30,0.1161406966222891,0.28614240811644875,0.9097610177902069,1.49,0.34077079107504016
2017-05-31,0.1327961359013694,0.2796066283091059,0.958420317286246,1.23,0.6014793139884622
2017-06-30,0.08220521677297188,0.2782487883326241,0.890630611936083,1.28,0.5600194789384005
2017-07-31,0.10644487619391052,0.24313830456553798,0.9473264740486573,1.23,0.3889158969372808
2017-08-31,0.10112631427009999,0.25519546909204793,0.9615291834717512,1.11,0.9416348729604618
2017-09-30,0.07718172523921818,0.22634689689000997,0.9379159462840874,1.27,1.0229763741170794
2017-10-31,0.10117492504082959,0.30143900117573463,1.0034878506938605,1.23,1.144852224748294
2017-11-30,0.09803985937903348,0.3231784213186062,1.0179439248044768,1.15,1.3077735358622444
2017-12-31,0.08398810615578478,0.3151561527740938,1.0048913554337418,1.01,1.4362220058422581
2018-01-31,0.14937164893120247,0.3582768441509303,1.149717316772883,1.26,1.5647802821469048
2018-02-28,0.11385298759738038,0.28593268431430485,1.0925980752389766,1.22,1.6275303643724648
2018-03-31,0.05001315981850918,0.2106054943328628,0.9849296049689562,1.01,1.7393414772267635
2018-04-30,0.03834572105929901,0.18304550676519749,0.9690999172596719,1.08,1.8436160750384012
2018-05-31,0.07706082910719192,0.20365709914974217,1.05190315961431,0.9,1.9875575664539014
2018-06-30,0.0665774197543545,0.24683896745425726,1.0472771254243955,0.92,2.1468926553672274
2018-07-31,0.07319306677366422,0.22985952903765172,1.0757922631141361,0.93,2.3083131557707803
2018-08-31,0.11209237345536849,0.2781868349638592,1.1671110192142264,0.75,2.0345798150382066
2018-09-30,0.0903367013297991,0.2756761078218588,1.1291892313056664,0.86,2.145784778590376
2018-10-31,-0.014111639377047958,0.11499289953599456,0.9196519333340882,0.81,2.1995665087902294
2018-11-30,-0.018089046847011292,0.09165724644190121,0.8896616469656797,0.64,2.1568313021167462
2018-12-31,-0.10057065744083982,-0.010388577961243595,0.7015885450785477,0.24,2.079833613310944
2019-01-31,-0.01846820943498584,-0.006208698022563519,0.8331434962728905,0.22,2.0994651552646237
2019-02-28,0.004676834296505561,0.0354676057277139,0.8591625057038303,0.28,1.8404907975460016
2019-03-31,0.040829380009634875,0.12120109326544282,0.9072619031672104,0.01,1.6857506361323216
2019-04-30,0.08977779971072697,0.17801494314804622,0.9840527400838457,0.08,1.5085351329892749
2019-05-31,-0.0033166310947981836,0.022996008874897722,0.7957095880593443,-0.21,1.2279172938287175
2019-06-30,0.0723373800944156,0.0895182778834136,0.9077284941897279,-0.12,1.0350821744627092
2019-07-31,0.09018896938936938,0.08528781970543031,0.9269795979990316,-0.06,0.8993373303881391
2019-08-31,0.0586923197350675,0.004761899294218219,0.8650961506005996,-0.49,0.7960277427490503
2019-09-30,0.051501486842260524,0.01596825949383507,0.8566440977198722,-0.2,0.6058221872541347
2019-10-31,0.07278275616933061,0.16028619724358784,0.9122579283939387,0.15,0.015709685020826036
2019-11-30,0.09438309387393184,0.20933485071079994,0.9622495101544373,0.19,0.28255238992229703
2019-12-31,0.11605973732575259,0.37963845264563667,1.0122516378409037,0.37,-0.007836376459524619
2020-01-31,0.125709727523017,0.3018268801703021,1.0433531225236794,-0.04,-0.3518373729476165
2020-02-29,0.0395862041833035,0.19222184820161559,0.8990896850039396,-0.14,-0.30511657017681104
2020-03-31,-0.046234363399177414,0.058916320649382126,0.7345900406985584,0.59,-0.8132624335314365
2020-04-30,0.08928971486593729,0.15666080797267634,0.9725610273873868,0.55,-10.973797418850218
2020-05-31,0.13700290079326516,0.34057013869375274,1.0651462450065003,0.51,-9.140710596337453
2020-06-30,0.17473209600884343,0.32404426833432076,1.1623221751392934,0.5,-6.545710487213574
2020-07-31,0.21663404913929707,0.389500047311544,1.2851290937016278,0.46,-6.387802971071155
2020-08-31,0.30043847219110953,0.5746587173725783,1.4925607422549536,0.61,-6.177183517084995
2020-09-30,0.18617143768645827,0.4734025359914016,1.312640921417489,0.59,-5.708923125048882
2020-10-31,0.11276359373793099,0.36729125779399996,1.2054546062438383,0.79,-5.081284850388757
2020-11-30,0.20351955771253105,0.4598748130236847,1.4073305766194761,0.76,-5.157705251624012
2020-12-31,0.21048659588041652,0.4758017297753778,1.4856117030899498,0.84,-4.757053291536051
2021-01-31,0.15975519359229828,0.4375094082894606,1.4508433321376049,1.05,-4.731267163593566
2021-02-28,0.1145769485897854,0.5256085634548711,1.4076525341333346,1.4,-4.480891469826576
2021-03-31,0.09377343090006862,0.6754899122912268,1.4014643159860536,1.71,-3.5871964679911716
2021-04-30,0.1232716905357858,0.5399971919993247,1.4988240425140829,1.64,7.125285538569681
2021-05-31,0.0862060571320955,0.4323129511368733,1.4261715734183809,1.57,5.219638242894065
2021-06-30,0.13062257110019138,0.4330033784543874,1.5343060374177164,1.4,2.485355648535559
2021-07-31,0.12988165013800135,0.3717279624729386,1.5580847393922461,1.18,2.7729057045017935
2021-08-31,0.1433983492573594,0.28667290200580475,1.614837312511726,1.26,2.950245853821154
2021-09-30,0.05296543458490177,0.2865250900758316,1.422489684732188,1.48,2.7867628763373897
2021-10-31,0.11647133249535768,0.43404877851386714,1.5663488718418765,1.5,3.036571239450603
2021-11-30,0.11333599695963636,0.31525094804008047,1.5646719133018299,1.38,3.1358309952137287
2021-12-31,0.1000904545669894,0.26627290312427276,1.546578414953753,1.46,3.15971365095038
2022-01-31,-0.005756984866247206,0.15509562891383233,1.2925286175338608,1.57,3.475539449843512
2022-02-28,-0.05627630530648864,0.10289904878992151,1.1542179915316888,1.48,3.5244824186657864
2022-03-31,-0.020003643640974178,0.13344977690351856,1.2114112800255388,1.8,3.638891160356539
2022-04-30,-0.14768110214981722,-0.07257610534685865,0.8919725940141643,2.04,4.371360616747322
2022-05-31,-0.14623750890316534,-0.07630945903192488,0.8378616642401087,1.69,4.24852652259331
2022-06-30,-0.20357607684787127,-0.20962707279164172,0.6545527499606805,1.26,4.245937780680986
2022-07-31,-0.08566486618688884,-0.13448823932833986,0.8395541388521353,0.26,4.022754977651366
2022-08-31,-0.11443536351163786,-0.21244841440692785,0.7241299363837936,0.19,3.877600582854357
2022-09-30,-0.1812912766943341,-0.2531311470930626,0.5267681459693849,0.5,3.679496489954004
2022-10-31,-0.11532065952333292,-0.280426983599966,0.5712551613044052,-0.12,3.4529832168955332
2022-11-30,-0.04171627290199287,-0.2544546807025426,0.6396817191293644,-0.69,3.1845095215234487
2022-12-31,-0.1100190235370816,-0.329674872105048,0.47718486481025746,-0.54,2.8555475791656626
2023-01-31,0.01003853582326708,-0.1894246941024652,0.6170612752224862,-1.18,2.698185291308497
2023-02-28,0.011641819367561146,-0.15421539684750873,0.5925712697117473,-0.96,2.356955797158955
2023-03-31,0.10496092664498047,-0.11167851977022913,0.723550608048424,-1.37,1.6884961338172744
2023-04-30,0.09885007191693318,0.030431468061046907,0.712671731155021,-1.66,1.2415527267012338
2023-05-31,0.17362319147812766,0.12750969254977207,0.8209002740572593,-1.88,1.052218296034546
2023-06-30,0.2277651836194361,0.3195045013038835,0.9140795641788344,-1.62,0.8459309156418904
2023-07-31,0.23458616475982308,0.2169475472030824,0.960838286147708,-1.58,0.48437500000000355
2023-08-31,0.17250418743159046,0.2631219095060151,0.9044465914164705,-1.47,0.22599750623442105
2023-09-30,0.08540274729743813,0.34125836517044905,0.7868671206606836,-0.96,0.17900225698497252
2023-10-31,0.032551067950488566,0.26339848675914257,0.7304572730053878,-0.71,-0.357059691065742
2023-11-30,0.11365945409899081,0.3256684244975212,0.8915784110312874,-1.08,-0.2869106699751822
2023-12-31,0.14070676889538336,0.5380529415618951,0.9699568307726028,-1.52,-0.1783637068631272
2024-01-31,0.12873618567569767,0.4160750125722461,0.9801012578757589,-1.43,-0.21700379756646182
2024-02-29,0.15315598284205256,0.49839475389564836,1.0564446555078493,-1.2,-0.35664444099859915
2024-03-31,0.1373661481957298,0.3848877386684044,1.0519067629673313,-1.26,-0.4034761018001265
2024-04-30,0.06698218997140604,0.3166769070887756,0.935286767091366,-0.77,-0.39583980130394325
2024-05-31,0.1122327727506982,0.30044433519217484,1.0291294303607823,-0.95,-0.34190690807366364
2024-06-30,0.1530332986591112,0.2966991820573872,1.123924384098907,-1.12,-0.4737864077669851
2024-07-31,0.09966601392053431,0.2288144753125596,1.0606805553712952,-1.32,-0.43539107448297143
2024-08-31,0.08323934193631732,0.2627928414217364,1.0550298485748857,-1.3,-0.6920146178368669
2024-09-30,0.08923759023749245,0.3632593918693192,1.0769637754866528,-0.92,-0.8856432566811678
2024-10-31,0.056961961726847754,0.3803416529910817,1.0317570510701164,-0.36,-1.0905974916257666
2024-11-30,0.09365709087411189,0.31242410345866256,1.1082087538236243,-0.4,-1.1509448635197095
2024-12-31,0.07704795878950987,0.248796964692237,1.087059727905204,0.21,-1.390615288999375
2025-01-31,0.08325574843982797,0.25329694206934894,1.1031660018873195,0.27,-1.568932038834947
2025-02-28,0.03386138833849284,0.15742541687995093,1.0179581350092528,-0.08,-1.4083411142234659
2025-03-31,-0.051083476082684154,0.056082014884659914,0.8406324662142333,-0.09,-1.3244001246494275
2025-04-30,-0.030207196673631698,0.12214712519540272,0.846300949608682,-0.14,-1.3325021429128059
2025-05-31,0.04788878746692138,0.1512862240293591,0.986983348720216,0.05,-1.3567251461988339
2025-06-30,0.09937610865759083,0.1522207257282442,1.0820280852949544,-0.17,-1.3891056656781697
2025-07-31,0.10673598602167877,0.19913252186600094,1.1015690323857,-0.04,-1.4133999687646392
2025-08-31,0.09903539983205167,0.1962119954309507,1.0892635055091286,0.0,-1.2292514876291905
2025-09-30,0.14063676096568622,0.2302663022646223,1.1690356307934628,0.14,-1.1443799968647084
2025-10-31,0.17180116959305014,0.3000294091798865,1.2378172426403542,0.22,-0.7403323619752711
2025-11-30,0.13535668649904142,0.21521462206951258,1.16870353935444,0.14,-0.9283297930925971
2025-12-31,0.10163559344210027,0.20167739473153157,1.1217838823704764,0.51,-0.8902544709682547
2026-01-31,0.0840987126182775,0.18969784014603563,1.1156897652378728,0.59,-0.7180620216207689
2026-02-28,0.035419849269301196,0.19515173642719819,1.0374609514362159,0.3,-0.6944992502564862
2026-03-31,-0.02804794616488837,0.2314366774914427,0.9128296402680411,0.6,-0.5368703615979742
2026-04-30,0.1069515539432111,0.40269233786164604,1.1781135034901018,0.72,-0.5212446690886163
